param,known_mirna,novel_mirna,pirna,overall
accuracy,96.36605899097572,99.5515975640277,99.41889527618096,95.466
precision,100.0,99.44203347799132,100.0,99.81401115933045
sensitivity,82.0,96.24,94.42,90.88666666666667
specificity,100.0,99.9371332774518,100.0,99.97904442581728
f1_score,90.10989010989012,97.8148185791239,97.12992490484518,95.01821119795306
